{
  "n_train": 130,
  "n_val": 28,
  "n_test": 29,
  "time_bins": [
    0.0,
    7.373737373737374,
    14.747474747474747,
    22.12121212121212,
    29.494949494949495,
    36.868686868686865,
    44.24242424242424,
    51.61616161616162,
    58.98989898989899,
    66.36363636363636,
    73.73737373737373,
    81.11111111111111,
    88.48484848484848,
    95.85858585858585,
    103.23232323232324,
    110.60606060606061,
    117.97979797979798,
    125.35353535353535,
    132.72727272727272,
    140.1010101010101,
    147.47474747474746,
    154.84848484848484,
    162.22222222222223,
    169.59595959595958,
    176.96969696969697,
    184.34343434343435,
    191.7171717171717,
    199.0909090909091,
    206.46464646464648,
    213.83838383838383,
    221.21212121212122,
    228.58585858585857,
    235.95959595959596,
    243.33333333333334,
    250.7070707070707,
    258.0808080808081,
    265.45454545454544,
    272.82828282828285,
    280.2020202020202,
    287.57575757575756,
    294.9494949494949,
    302.32323232323233,
    309.6969696969697,
    317.07070707070704,
    324.44444444444446,
    331.8181818181818,
    339.19191919191917,
    346.5656565656566,
    353.93939393939394,
    361.3131313131313,
    368.6868686868687,
    376.06060606060606,
    383.4343434343434,
    390.80808080808083,
    398.1818181818182,
    405.55555555555554,
    412.92929292929296,
    420.3030303030303,
    427.67676767676767,
    435.050505050505,
    442.42424242424244,
    449.7979797979798,
    457.17171717171715,
    464.54545454545456,
    471.9191919191919,
    479.2929292929293,
    486.6666666666667,
    494.04040404040404,
    501.4141414141414,
    508.7878787878788,
    516.1616161616162,
    523.5353535353536,
    530.9090909090909,
    538.2828282828283,
    545.6565656565657,
    553.030303030303,
    560.4040404040404,
    567.7777777777778,
    575.1515151515151,
    582.5252525252525,
    589.8989898989898,
    597.2727272727273,
    604.6464646464647,
    612.020202020202,
    619.3939393939394,
    626.7676767676768,
    634.1414141414141,
    641.5151515151515,
    648.8888888888889,
    656.2626262626262,
    663.6363636363636,
    671.010101010101,
    678.3838383838383,
    685.7575757575758,
    693.1313131313132,
    700.5050505050505,
    707.8787878787879,
    715.2525252525253,
    722.6262626262626,
    730.0
  ],
  "eval_times": [
    182.5,
    365.0,
    547.5
  ],
  "event_names": [
    "GvHD",
    "Relapse",
    "TRM"
  ],
  "results": {
    "Cox PH": {
      "GvHD": {
        "cindex": {
          "value": NaN,
          "ci_lower": NaN,
          "ci_upper": NaN,
          "ci_level": 0.95
        },
        "ibs": {
          "value": 7.056180979138517e-05,
          "ci_lower": 1.6553555287605447e-05,
          "ci_upper": 0.0001434059331149293,
          "ci_level": 0.95
        }
      },
      "Relapse": {
        "cindex": {
          "value": 0.7536231884057971,
          "ci_lower": 0.5271833429728167,
          "ci_upper": 1.0,
          "ci_level": 0.95
        },
        "ibs": {
          "value": 0.11353497374954974,
          "ci_lower": 0.011068256576040719,
          "ci_upper": 0.24537206927595304,
          "ci_level": 0.95
        }
      },
      "TRM": {
        "cindex": {
          "value": 0.646551724137931,
          "ci_lower": 0.45880252100840335,
          "ci_upper": 0.8540458744823191,
          "ci_level": 0.95
        },
        "ibs": {
          "value": 0.20175084447167765,
          "ci_lower": 0.12717123530592553,
          "ci_upper": 0.2861884228699988,
          "ci_level": 0.95
        }
      }
    },
    "Fine-Gray": {
      "GvHD": {
        "cindex": {
          "value": NaN,
          "ci_lower": NaN,
          "ci_upper": NaN,
          "ci_level": 0.95
        },
        "ibs": {
          "value": 5.777078021748166e-05,
          "ci_lower": 1.960651104010448e-05,
          "ci_upper": 0.0001104257450426199,
          "ci_level": 0.95
        }
      },
      "Relapse": {
        "cindex": {
          "value": 0.8405797101449275,
          "ci_lower": 0.6907868325973505,
          "ci_upper": 1.0,
          "ci_level": 0.95
        },
        "ibs": {
          "value": 0.10952295800337782,
          "ci_lower": 0.01590214788378704,
          "ci_upper": 0.23234995724077173,
          "ci_level": 0.95
        }
      },
      "TRM": {
        "cindex": {
          "value": 0.6551724137931034,
          "ci_lower": 0.47824592858210074,
          "ci_upper": 0.8581915499837186,
          "ci_level": 0.95
        },
        "ibs": {
          "value": 0.20183502792616936,
          "ci_lower": 0.13219553519535493,
          "ci_upper": 0.2791116169490751,
          "ci_level": 0.95
        }
      }
    },
    "DeepHit (flat)": {
      "GvHD": {
        "cindex": {
          "value": NaN,
          "ci_lower": NaN,
          "ci_upper": NaN,
          "ci_level": 0.95
        },
        "ibs": {
          "value": 3.133817536935326e-05,
          "ci_lower": 8.401542767151343e-07,
          "ci_upper": 9.892212732298077e-05,
          "ci_level": 0.95
        }
      },
      "Relapse": {
        "cindex": {
          "value": 0.6666666666666666,
          "ci_lower": 0.12907608695652184,
          "ci_upper": 1.0,
          "ci_level": 0.95
        },
        "ibs": {
          "value": 0.11276891935862854,
          "ci_lower": 0.007343857844509854,
          "ci_upper": 0.2389832392871387,
          "ci_level": 0.95
        }
      },
      "TRM": {
        "cindex": {
          "value": 0.40948275862068967,
          "ci_lower": 0.2585849598163032,
          "ci_upper": 0.5682835229613665,
          "ci_level": 0.95
        },
        "ibs": {
          "value": 0.3358050404188634,
          "ci_lower": 0.23069402887307333,
          "ci_upper": 0.4339429889617655,
          "ci_level": 0.95
        }
      }
    }
  }
}